timestamp,unit_id,unit_type,empire_or_resistance,location_x,location_y,destination_x,destination_y,homeworld
2025-07-09 09:10:23,1,unknown,empire,10,8,8,6,Toydaria
2025-07-09 09:10:22,2,resistance_soldier,resistance,7,2,6,7,Ojom
2025-07-09 09:10:21,3,at-at,resistance,4,10,6,4,Vulpter
2025-07-09 09:10:20,4,x-wing,resistance,3,2,6,9,Kashyyyk
2025-07-09 09:10:19,5,unknown,resistance,3,5,7,10,Ojom
2025-07-09 09:10:18,6,tie_silencer,resistance,4,6,2,5,Dorin
2025-07-09 09:10:17,7,tie_fighter,empire,1,4,4,1,Muunilinst
2025-07-09 09:10:16,8,stormtrooper,empire,9,2,5,3,Stewjon
2025-07-09 09:10:15,9,resistance_soldier,empire,8,1,1,2,Zolan
2025-07-09 09:10:14,10,at-st,empire,2,1,3,10,Toydaria
2025-07-09 09:10:13,11,tie_fighter,empire,10,10,4,10,Muunilinst
2025-07-09 09:10:12,12,unknown,resistance,9,3,8,7,Haruun Kal
2025-07-09 09:10:11,13,unknown,empire,5,8,5,10,Concord Dawn
2025-07-09 09:10:10,14,stormtrooper,resistance,2,7,9,1,Glee Anselm
2025-07-09 09:10:09,15,at-st,resistance,10,9,10,1,Ryloth
2025-07-09 09:10:08,16,at-at,empire,2,8,10,2,Rodia
2025-07-09 09:10:07,17,unknown,resistance,9,3,10,8,Concord Dawn
2025-07-09 09:10:06,18,unknown,empire,9,9,7,7,Malastare
2025-07-09 09:10:05,19,stormtrooper,resistance,4,10,9,3,Socorro
2025-07-09 09:10:04,20,resistance_soldier,resistance,6,4,3,1,Kashyyyk
2025-07-09 09:10:03,21,stormtrooper,empire,8,2,4,7,Eriadu
2025-07-09 09:10:02,22,at-st,empire,6,7,3,8,Mirial
2025-07-09 09:10:01,23,tie_fighter,resistance,5,1,5,7,Haruun Kal
2025-07-09 09:10:00,24,tie_fighter,resistance,1,7,7,5,Shili
2025-07-09 09:09:59,25,at-at,resistance,8,4,1,10,Mirial
2025-07-09 09:09:58,26,tie_fighter,resistance,9,7,1,7,Troiken
2025-07-09 09:09:57,27,tie_fighter,empire,2,9,10,8,Naboo
2025-07-09 09:09:56,28,at-st,resistance,9,10,3,6,Alderaan
2025-07-09 09:09:55,29,at-at,empire,5,9,6,10,Champala
2025-07-09 09:09:54,30,tie_silencer,resistance,4,10,2,8,Haruun Kal
2025-07-09 09:09:53,31,stormtrooper,empire,7,7,5,5,Muunilinst
2025-07-09 09:09:52,32,tie_silencer,resistance,9,7,4,4,Naboo
2025-07-09 09:09:51,33,tie_silencer,resistance,5,8,6,4,Vulpter
2025-07-09 09:09:50,34,stormtrooper,empire,6,7,10,2,Muunilinst
2025-07-09 09:09:49,35,tie_fighter,empire,2,3,2,5,Naboo
2025-07-09 09:09:48,36,tie_silencer,resistance,8,5,8,2,Ojom
2025-07-09 09:09:47,37,resistance_soldier,empire,1,5,5,9,Corellia
2025-07-09 09:09:46,38,x-wing,resistance,3,7,7,8,Dathomir
2025-07-09 09:09:45,39,tie_silencer,resistance,5,9,8,2,Shili
2025-07-09 09:09:44,40,at-st,resistance,6,6,10,3,Dorin
2025-07-09 09:09:43,41,x-wing,empire,1,5,7,3,Haruun Kal
2025-07-09 09:09:42,42,at-st,resistance,3,4,1,9,Dathomir
2025-07-09 09:09:41,43,x-wing,empire,10,1,2,4,Aleen Minor
2025-07-09 09:09:40,44,at-at,resistance,9,3,1,4,Vulpter
2025-07-09 09:09:39,45,resistance_soldier,resistance,6,10,10,5,Alderaan
2025-07-09 09:09:38,46,unknown,resistance,8,5,3,5,Vulpter
2025-07-09 09:09:37,47,tie_silencer,empire,5,4,9,7,Corellia
2025-07-09 09:09:36,48,at-at,resistance,8,6,2,9,Umbara
2025-07-09 09:09:35,49,stormtrooper,empire,4,7,5,8,Quermia
2025-07-09 09:09:34,50,at-st,empire,5,8,10,3,Corellia
2025-07-09 09:09:33,51,unknown,resistance,2,4,9,5,Quermia
2025-07-09 09:09:32,52,at-at,empire,3,2,7,6,Tund
2025-07-09 09:09:31,53,resistance_soldier,resistance,3,3,10,10,Iktotch
2025-07-09 09:09:30,54,at-st,empire,10,3,8,1,Skako
2025-07-09 09:09:29,55,x-wing,resistance,1,8,7,1,Umbara
2025-07-09 09:09:28,56,stormtrooper,empire,3,5,5,10,Umbara
2025-07-09 09:09:27,57,resistance_soldier,resistance,4,9,6,1,Quermia
2025-07-09 09:09:26,58,at-st,resistance,8,9,1,5,Umbara
2025-07-09 09:09:25,59,tie_fighter,resistance,10,6,4,6,Iridonia
2025-07-09 09:09:24,60,at-at,empire,5,7,2,9,Trandosha
2025-07-09 09:09:23,61,tie_fighter,empire,3,7,5,5,Malastare
2025-07-09 09:09:22,62,at-at,resistance,10,1,1,8,Trandosha
2025-07-09 09:09:21,63,unknown,empire,9,8,6,1,Skako
2025-07-09 09:09:20,64,at-at,resistance,4,8,6,3,Socorro
2025-07-09 09:09:19,65,tie_fighter,resistance,6,5,9,9,Skako
2025-07-09 09:09:18,66,at-st,empire,9,5,4,6,Dagobah
2025-07-09 09:09:17,67,x-wing,empire,10,3,10,10,Glee Anselm
2025-07-09 09:09:16,68,x-wing,empire,1,1,3,10,Socorro
2025-07-09 09:09:15,69,resistance_soldier,empire,10,4,3,10,Malastare
2025-07-09 09:09:14,70,x-wing,empire,6,3,7,1,Kalee
2025-07-09 09:09:13,71,tie_fighter,resistance,3,9,2,6,Dathomir
2025-07-09 09:09:12,72,tie_silencer,empire,2,10,6,5,Vulpter
2025-07-09 09:09:11,73,resistance_soldier,empire,2,7,4,7,Trandosha
2025-07-09 09:09:10,74,stormtrooper,empire,3,3,8,9,Haruun Kal
2025-07-09 09:09:09,75,at-at,resistance,2,9,3,10,Champala
2025-07-09 09:09:08,76,at-at,resistance,10,4,9,7,Ojom
2025-07-09 09:09:07,77,at-st,empire,6,9,5,3,Concord Dawn
2025-07-09 09:09:06,78,stormtrooper,empire,4,9,4,3,Aleen Minor
2025-07-09 09:09:05,79,stormtrooper,empire,6,8,9,7,Serenno
2025-07-09 09:09:04,80,tie_silencer,empire,4,7,10,6,Toydaria
2025-07-09 09:09:03,81,tie_fighter,resistance,8,10,6,2,Champala
2025-07-09 09:09:02,82,tie_fighter,resistance,10,5,5,1,Dorin
2025-07-09 09:09:01,83,at-at,resistance,1,3,2,5,Bestine IV
2025-07-09 09:09:00,84,tie_silencer,resistance,10,7,7,8,Sullust
2025-07-09 09:08:59,85,at-st,resistance,2,8,10,3,Kashyyyk
2025-07-09 09:08:58,86,at-at,resistance,5,10,1,4,Tund
2025-07-09 09:08:57,87,x-wing,empire,8,6,4,5,Tund
2025-07-09 09:08:56,88,tie_silencer,resistance,6,6,8,7,Stewjon
2025-07-09 09:08:55,89,tie_silencer,resistance,4,2,2,5,Chandrila
2025-07-09 09:08:54,90,stormtrooper,empire,9,6,2,1,Tatooine
2025-07-09 09:08:53,91,stormtrooper,empire,5,3,8,4,Rodia
2025-07-09 09:08:52,92,at-st,empire,3,8,1,7,Tatooine
2025-07-09 09:08:51,93,stormtrooper,empire,5,9,7,1,Mirial
2025-07-09 09:08:50,94,tie_fighter,empire,2,1,3,8,Concord Dawn
2025-07-09 09:08:49,95,tie_silencer,empire,1,8,5,10,Concord Dawn
2025-07-09 09:08:48,96,tie_silencer,resistance,7,10,6,4,Chandrila
2025-07-09 09:08:47,97,tie_silencer,resistance,3,7,4,8,Mon Cala
2025-07-09 09:08:46,98,tie_silencer,resistance,9,4,5,10,Concord Dawn
2025-07-09 09:08:45,99,unknown,empire,9,8,6,8,Ojom
2025-07-09 09:08:44,100,unknown,resistance,9,9,6,5,Vulpter
2025-07-09 09:08:43,101,stormtrooper,empire,6,5,9,5,Mirial
2025-07-09 09:08:42,102,at-at,empire,1,1,7,5,Malastare
2025-07-09 09:08:41,103,unknown,resistance,7,10,8,8,Mon Cala
2025-07-09 09:08:40,104,unknown,resistance,5,1,9,2,Shili
2025-07-09 09:08:39,105,unknown,resistance,1,8,8,9,Chandrila
2025-07-09 09:08:38,106,at-at,empire,10,2,9,3,Muunilinst
2025-07-09 09:08:37,107,unknown,empire,7,5,5,10,Umbara
2025-07-09 09:08:36,108,unknown,resistance,10,9,5,7,Glee Anselm
2025-07-09 09:08:35,109,at-at,empire,1,3,3,6,Dorin
2025-07-09 09:08:34,110,at-at,resistance,3,10,4,4,Naboo
2025-07-09 09:08:33,111,tie_silencer,empire,4,1,10,6,Ojom
2025-07-09 09:08:32,112,tie_fighter,resistance,8,7,10,2,Quermia
2025-07-09 09:08:31,113,tie_silencer,resistance,6,6,3,5,Chandrila
2025-07-09 09:08:30,114,stormtrooper,empire,4,1,9,4,Corellia
2025-07-09 09:08:29,115,stormtrooper,empire,8,9,5,8,Kalee
2025-07-09 09:08:28,116,x-wing,resistance,6,10,10,4,Bestine IV
2025-07-09 09:08:27,117,at-st,empire,9,4,9,10,Zolan
2025-07-09 09:08:26,118,tie_silencer,empire,8,8,7,7,Dagobah
2025-07-09 09:08:25,119,at-at,resistance,6,4,2,1,Champala
2025-07-09 09:08:24,120,tie_silencer,resistance,9,10,8,1,Vulpter
2025-07-09 09:08:23,121,at-at,empire,8,4,10,7,Tund
2025-07-09 09:08:22,122,tie_silencer,empire,6,5,6,6,Vulpter
2025-07-09 09:08:21,123,stormtrooper,resistance,1,5,4,10,Iridonia
2025-07-09 09:08:20,124,resistance_soldier,empire,1,4,2,2,Troiken
2025-07-09 09:08:19,125,at-st,resistance,7,7,10,4,Troiken
2025-07-09 09:08:18,126,at-at,resistance,8,10,4,7,Haruun Kal
2025-07-09 09:08:17,127,stormtrooper,empire,5,7,7,3,Zolan
2025-07-09 09:08:16,128,tie_silencer,resistance,4,10,10,4,Eriadu
2025-07-09 09:08:15,129,at-at,resistance,2,9,4,4,Ryloth
2025-07-09 09:08:14,130,stormtrooper,resistance,3,3,7,9,Shili
2025-07-09 09:08:13,131,tie_silencer,resistance,7,3,5,4,Stewjon
2025-07-09 09:08:12,132,x-wing,empire,8,7,10,1,Dorin
2025-07-09 09:08:11,133,unknown,empire,3,6,5,8,Stewjon
2025-07-09 09:08:10,134,tie_fighter,resistance,8,7,7,4,Ryloth
2025-07-09 09:08:09,135,resistance_soldier,empire,8,8,3,7,Muunilinst
2025-07-09 09:08:08,136,at-st,resistance,9,4,1,3,Alderaan
2025-07-09 09:08:07,137,tie_silencer,empire,1,4,1,4,Tholoth
2025-07-09 09:08:06,138,at-at,empire,10,1,9,10,Champala
2025-07-09 09:08:05,139,at-at,empire,10,5,9,6,Eriadu
2025-07-09 09:08:04,140,stormtrooper,resistance,9,9,9,3,Aleen Minor
2025-07-09 09:08:03,141,tie_silencer,resistance,6,9,2,2,Mon Cala
2025-07-09 09:08:02,142,unknown,empire,6,5,8,7,Iridonia
2025-07-09 09:08:01,143,stormtrooper,empire,2,5,7,7,Tund
2025-07-09 09:08:00,144,tie_fighter,resistance,5,2,3,9,Sullust
2025-07-09 09:07:59,145,resistance_soldier,resistance,10,2,2,4,Socorro
2025-07-09 09:07:58,146,at-st,resistance,3,7,2,9,Socorro
2025-07-09 09:07:57,147,x-wing,resistance,2,7,6,2,Alderaan
2025-07-09 09:07:56,148,at-st,resistance,8,10,2,5,Alderaan
2025-07-09 09:07:55,149,x-wing,resistance,1,8,3,8,Haruun Kal
2025-07-09 09:07:54,150,at-at,resistance,8,6,8,5,Haruun Kal
2025-07-09 09:07:53,151,tie_silencer,empire,1,5,3,7,Chandrila
2025-07-09 09:07:52,152,resistance_soldier,resistance,6,10,8,5,Eriadu
2025-07-09 09:07:51,153,at-at,resistance,6,3,4,3,Iktotch
2025-07-09 09:07:50,154,at-st,empire,5,2,4,6,Dorin
2025-07-09 09:07:49,155,at-at,empire,9,2,2,1,Haruun Kal
2025-07-09 09:07:48,156,unknown,empire,5,8,2,5,Rodia
2025-07-09 09:07:47,157,at-at,resistance,9,9,1,2,Tatooine
2025-07-09 09:07:46,158,at-at,empire,5,4,4,4,Malastare
2025-07-09 09:07:45,159,unknown,resistance,5,3,9,7,Mirial
2025-07-09 09:07:44,160,x-wing,empire,5,7,5,7,Malastare
2025-07-09 09:07:43,161,at-st,empire,5,6,7,10,Vulpter
2025-07-09 09:07:42,162,at-st,empire,6,4,2,1,Shili
2025-07-09 09:07:41,163,at-at,empire,8,8,8,2,Tatooine
2025-07-09 09:07:40,164,stormtrooper,empire,7,2,5,6,Mirial
2025-07-09 09:07:39,165,at-at,resistance,3,9,8,3,Ojom
2025-07-09 09:07:38,166,stormtrooper,empire,9,8,4,3,Quermia
2025-07-09 09:07:37,167,stormtrooper,empire,5,7,8,5,Skako
2025-07-09 09:07:36,168,at-st,resistance,10,3,7,2,Dathomir
2025-07-09 09:07:35,169,at-st,empire,5,8,2,10,Ojom
2025-07-09 09:07:34,170,tie_fighter,resistance,3,9,3,8,Vulpter
2025-07-09 09:07:33,171,tie_silencer,empire,3,1,9,10,Rodia
2025-07-09 09:07:32,172,resistance_soldier,empire,9,8,10,5,Bestine IV
2025-07-09 09:07:31,173,stormtrooper,resistance,4,5,10,5,Vulpter
2025-07-09 09:07:30,174,tie_silencer,resistance,9,5,1,8,Quermia
2025-07-09 09:07:29,175,resistance_soldier,empire,5,3,6,4,Concord Dawn
2025-07-09 09:07:28,176,unknown,empire,6,10,8,10,Champala
2025-07-09 09:07:27,177,tie_fighter,resistance,3,7,7,6,Naboo
2025-07-09 09:07:26,178,stormtrooper,resistance,5,7,1,3,Iridonia
2025-07-09 09:07:25,179,unknown,empire,2,2,10,7,Naboo
2025-07-09 09:07:24,180,resistance_soldier,resistance,5,8,8,7,Tatooine
2025-07-09 09:07:23,181,x-wing,empire,7,8,6,7,Haruun Kal
2025-07-09 09:07:22,182,stormtrooper,resistance,5,5,5,4,Kashyyyk
2025-07-09 09:07:21,183,unknown,resistance,8,1,9,9,Kashyyyk
2025-07-09 09:07:20,184,at-at,resistance,9,6,3,2,Zolan
2025-07-09 09:07:19,185,at-st,empire,2,5,1,8,Kalee
2025-07-09 09:07:18,186,stormtrooper,resistance,2,7,5,5,Kalee
2025-07-09 09:07:17,187,tie_fighter,empire,7,6,3,5,Dagobah
2025-07-09 09:07:16,188,tie_fighter,resistance,4,8,3,2,Iktotch
2025-07-09 09:07:15,189,resistance_soldier,empire,6,7,5,3,Chandrila
2025-07-09 09:07:14,190,unknown,empire,6,2,1,10,Vulpter
2025-07-09 09:07:13,191,at-at,resistance,7,1,2,4,Toydaria
2025-07-09 09:07:12,192,unknown,empire,5,9,4,7,Bestine IV
2025-07-09 09:07:11,193,stormtrooper,empire,10,4,9,3,Bestine IV
2025-07-09 09:07:10,194,stormtrooper,resistance,5,7,6,1,Socorro
2025-07-09 09:07:09,195,stormtrooper,resistance,5,3,10,4,Ojom
2025-07-09 09:07:08,196,resistance_soldier,resistance,2,4,2,6,Kashyyyk
2025-07-09 09:07:07,197,unknown,resistance,3,7,9,9,Kalee
2025-07-09 09:07:06,198,tie_silencer,empire,4,6,2,10,Quermia
2025-07-09 09:07:05,199,unknown,empire,2,3,9,8,Cerea
2025-07-09 09:07:04,200,stormtrooper,resistance,9,7,1,3,Dathomir
2025-07-09 09:07:03,201,at-st,resistance,7,5,2,2,Corellia
2025-07-09 09:07:02,202,tie_fighter,resistance,7,5,8,5,Socorro
2025-07-09 09:07:01,203,resistance_soldier,resistance,10,4,3,6,Trandosha
2025-07-09 09:07:00,204,unknown,empire,3,8,9,2,Ojom
2025-07-09 09:06:59,205,at-st,resistance,8,6,9,10,Troiken
2025-07-09 09:06:58,206,unknown,empire,2,8,1,5,Malastare
2025-07-09 09:06:57,207,stormtrooper,empire,10,10,6,3,Aleen Minor
2025-07-09 09:06:56,208,at-at,resistance,1,1,2,9,Champala
2025-07-09 09:06:55,209,unknown,resistance,4,1,7,7,Alderaan
2025-07-09 09:06:54,210,at-at,empire,6,7,1,10,Aleen Minor
2025-07-09 09:06:53,211,at-at,resistance,4,3,6,3,Vulpter
2025-07-09 09:06:52,212,x-wing,empire,8,2,7,2,Tund
2025-07-09 09:06:51,213,resistance_soldier,resistance,5,5,10,4,Dagobah
2025-07-09 09:06:50,214,stormtrooper,empire,2,3,7,7,Tatooine
2025-07-09 09:06:49,215,resistance_soldier,empire,4,6,5,2,Tund
2025-07-09 09:06:48,216,tie_fighter,resistance,10,8,6,3,Troiken
2025-07-09 09:06:47,217,at-st,resistance,9,9,8,1,Iktotch
2025-07-09 09:06:46,218,stormtrooper,empire,1,3,3,7,Rodia
2025-07-09 09:06:45,219,tie_silencer,resistance,9,9,9,10,Bestine IV
2025-07-09 09:06:44,220,unknown,resistance,4,3,7,1,Kashyyyk
2025-07-09 09:06:43,221,resistance_soldier,empire,2,1,7,10,Malastare
2025-07-09 09:06:42,222,resistance_soldier,resistance,5,8,2,1,Sullust
2025-07-09 09:06:41,223,stormtrooper,resistance,10,5,6,5,Socorro
2025-07-09 09:06:40,224,unknown,resistance,5,10,10,9,Socorro
2025-07-09 09:06:39,225,tie_silencer,empire,5,9,4,10,Tund
2025-07-09 09:06:38,226,at-at,resistance,4,6,3,2,Quermia
2025-07-09 09:06:37,227,tie_fighter,resistance,8,5,5,5,Iridonia
2025-07-09 09:06:36,228,unknown,empire,6,8,8,2,Stewjon
2025-07-09 09:06:35,229,tie_fighter,resistance,9,2,9,5,Naboo
2025-07-09 09:06:34,230,x-wing,empire,8,3,2,1,Dagobah
2025-07-09 09:06:33,231,tie_silencer,empire,8,6,1,4,Eriadu
2025-07-09 09:06:32,232,stormtrooper,resistance,8,4,1,9,Ryloth
2025-07-09 09:06:31,233,stormtrooper,resistance,10,9,3,9,Troiken
2025-07-09 09:06:30,234,unknown,resistance,7,3,8,1,Ojom
2025-07-09 09:06:29,235,tie_fighter,empire,1,1,7,8,Kashyyyk
2025-07-09 09:06:28,236,unknown,empire,10,3,2,3,Dagobah
2025-07-09 09:06:27,237,at-st,resistance,5,6,9,3,Mon Cala
2025-07-09 09:06:26,238,resistance_soldier,resistance,3,5,7,2,Stewjon
2025-07-09 09:06:25,239,x-wing,empire,6,5,2,3,Corellia
2025-07-09 09:06:24,240,unknown,empire,1,10,7,10,Dorin
2025-07-09 09:06:23,241,unknown,empire,4,3,8,9,Serenno
2025-07-09 09:06:22,242,stormtrooper,empire,1,4,9,10,Skako
2025-07-09 09:06:21,243,tie_silencer,empire,9,1,2,10,Skako
2025-07-09 09:06:20,244,tie_fighter,empire,4,8,5,9,Serenno
2025-07-09 09:06:19,245,stormtrooper,empire,2,3,9,3,Ryloth
2025-07-09 09:06:18,246,unknown,empire,4,8,4,1,Troiken
2025-07-09 09:06:17,247,at-st,empire,9,3,4,7,Aleen Minor
2025-07-09 09:06:16,248,tie_fighter,resistance,3,10,7,8,Umbara
2025-07-09 09:06:15,249,tie_fighter,resistance,9,8,7,3,Cerea
2025-07-09 09:06:14,250,tie_silencer,resistance,10,6,3,10,Kashyyyk
2025-07-09 09:06:13,251,at-st,empire,6,1,8,2,Shili
2025-07-09 09:06:12,252,resistance_soldier,empire,2,1,7,6,Glee Anselm
2025-07-09 09:06:11,253,unknown,empire,7,1,2,8,Tholoth
2025-07-09 09:06:10,254,resistance_soldier,empire,3,5,1,6,Malastare
2025-07-09 09:06:09,255,stormtrooper,resistance,9,1,6,6,Cerea
2025-07-09 09:06:08,256,x-wing,empire,8,8,1,4,Dagobah
2025-07-09 09:06:07,257,x-wing,resistance,7,9,9,2,Troiken
2025-07-09 09:06:06,258,x-wing,empire,10,5,10,8,Dagobah
2025-07-09 09:06:05,259,at-st,empire,3,9,8,10,Mon Cala
2025-07-09 09:06:04,260,stormtrooper,resistance,1,7,3,1,Iridonia
2025-07-09 09:06:03,261,tie_silencer,resistance,5,4,2,5,Iridonia
2025-07-09 09:06:02,262,x-wing,empire,9,7,1,1,Shili
2025-07-09 09:06:01,263,at-st,empire,4,3,6,8,Aleen Minor
2025-07-09 09:06:00,264,at-at,resistance,4,2,5,10,Zolan
2025-07-09 09:05:59,265,at-at,resistance,2,2,4,5,Champala
2025-07-09 09:05:58,266,x-wing,resistance,5,7,4,7,Aleen Minor
2025-07-09 09:05:57,267,at-at,resistance,1,7,4,8,Umbara
2025-07-09 09:05:56,268,tie_silencer,empire,5,2,6,4,Eriadu
2025-07-09 09:05:55,269,at-at,resistance,10,7,1,4,Sullust
2025-07-09 09:05:54,270,tie_silencer,empire,1,5,2,10,Champala
2025-07-09 09:05:53,271,at-at,resistance,5,2,2,4,Kalee
2025-07-09 09:05:52,272,resistance_soldier,resistance,4,1,10,1,Glee Anselm
2025-07-09 09:05:51,273,unknown,empire,1,5,10,7,Zolan
2025-07-09 09:05:50,274,at-st,empire,10,3,7,2,Vulpter
2025-07-09 09:05:49,275,resistance_soldier,resistance,4,4,1,4,Dathomir
2025-07-09 09:05:48,276,unknown,empire,10,9,9,9,Corellia
2025-07-09 09:05:47,277,at-st,resistance,9,6,9,3,Kalee
2025-07-09 09:05:46,278,resistance_soldier,empire,5,6,4,1,Vulpter
2025-07-09 09:05:45,279,tie_silencer,resistance,2,10,4,10,Glee Anselm
2025-07-09 09:05:44,280,unknown,empire,7,9,8,1,Cerea
2025-07-09 09:05:43,281,at-st,empire,9,5,9,2,Dorin
2025-07-09 09:05:42,282,stormtrooper,resistance,1,7,10,8,Aleen Minor
2025-07-09 09:05:41,283,stormtrooper,empire,1,9,6,4,Mirial
2025-07-09 09:05:40,284,at-at,empire,7,8,6,8,Concord Dawn
2025-07-09 09:05:39,285,at-st,empire,4,1,2,8,Aleen Minor
2025-07-09 09:05:38,286,tie_fighter,empire,8,1,1,2,Corellia
2025-07-09 09:05:37,287,unknown,empire,9,4,3,9,Zolan
2025-07-09 09:05:36,288,resistance_soldier,empire,2,9,4,3,Tund
2025-07-09 09:05:35,289,resistance_soldier,empire,1,7,9,8,Ojom
2025-07-09 09:05:34,290,at-st,resistance,8,4,5,5,Shili
2025-07-09 09:05:33,291,tie_fighter,empire,5,6,2,6,Concord Dawn
2025-07-09 09:05:32,292,unknown,resistance,3,5,10,3,Sullust
2025-07-09 09:05:31,293,resistance_soldier,empire,2,6,3,6,Troiken
2025-07-09 09:05:30,294,tie_fighter,resistance,3,4,1,3,Vulpter
2025-07-09 09:05:29,295,resistance_soldier,empire,8,6,5,8,Serenno
2025-07-09 09:05:28,296,x-wing,resistance,7,5,7,8,Mon Cala
2025-07-09 09:05:27,297,x-wing,empire,2,8,6,2,Tatooine
2025-07-09 09:05:26,298,tie_silencer,empire,6,9,6,4,Concord Dawn
2025-07-09 09:05:25,299,x-wing,empire,1,9,2,7,Cerea
2025-07-09 09:05:24,300,unknown,resistance,10,7,4,8,Chandrila
2025-07-09 09:05:23,301,at-st,resistance,6,8,4,4,Skako
2025-07-09 09:05:22,302,x-wing,resistance,7,4,2,1,Champala
2025-07-09 09:05:21,303,x-wing,resistance,7,6,1,3,Shili
2025-07-09 09:05:20,304,resistance_soldier,empire,2,6,2,4,Eriadu
2025-07-09 09:05:19,305,resistance_soldier,empire,7,4,2,4,Serenno
2025-07-09 09:05:18,306,x-wing,resistance,2,7,9,1,Cerea
2025-07-09 09:05:17,307,stormtrooper,empire,2,3,2,2,Eriadu
2025-07-09 09:05:16,308,stormtrooper,resistance,10,1,10,7,Umbara
2025-07-09 09:05:15,309,at-at,empire,3,2,8,4,Eriadu
2025-07-09 09:05:14,310,tie_silencer,resistance,7,1,2,10,Iktotch
2025-07-09 09:05:13,311,at-at,resistance,5,10,3,8,Quermia
2025-07-09 09:05:12,312,stormtrooper,resistance,4,10,6,10,Kashyyyk
2025-07-09 09:05:11,313,at-at,empire,3,6,3,4,Toydaria
2025-07-09 09:05:10,314,at-at,resistance,5,9,10,4,Iridonia
2025-07-09 09:05:09,315,resistance_soldier,empire,10,1,6,2,Champala
2025-07-09 09:05:08,316,x-wing,resistance,2,2,4,5,Naboo
2025-07-09 09:05:07,317,x-wing,empire,9,5,5,1,Tholoth
2025-07-09 09:05:06,318,stormtrooper,resistance,2,7,10,9,Iridonia
2025-07-09 09:05:05,319,unknown,resistance,6,10,1,4,Alderaan
2025-07-09 09:05:04,320,at-at,resistance,5,2,4,4,Tatooine
2025-07-09 09:05:03,321,resistance_soldier,resistance,5,5,5,10,Ryloth
2025-07-09 09:05:02,322,stormtrooper,empire,3,8,7,6,Eriadu
2025-07-09 09:05:01,323,unknown,empire,9,5,6,6,Toydaria
2025-07-09 09:05:00,324,x-wing,resistance,6,1,3,10,Iktotch
2025-07-09 09:04:59,325,tie_fighter,resistance,4,6,9,6,Mon Cala
2025-07-09 09:04:58,326,tie_fighter,resistance,3,10,9,8,Skako
2025-07-09 09:04:57,327,stormtrooper,empire,8,1,8,2,Tholoth
2025-07-09 09:04:56,328,tie_fighter,empire,3,6,7,8,Aleen Minor
2025-07-09 09:04:55,329,stormtrooper,resistance,1,10,4,7,Kalee
2025-07-09 09:04:54,330,at-at,resistance,6,7,7,8,Sullust
2025-07-09 09:04:53,331,at-st,empire,4,5,7,4,Eriadu
2025-07-09 09:04:52,332,at-st,empire,4,6,6,6,Cerea
2025-07-09 09:04:51,333,unknown,empire,6,5,6,10,Corellia
2025-07-09 09:04:50,334,at-st,empire,10,4,1,8,Mirial
2025-07-09 09:04:49,335,unknown,resistance,3,5,1,7,Tatooine
2025-07-09 09:04:48,336,x-wing,empire,7,1,2,4,Shili
2025-07-09 09:04:47,337,resistance_soldier,resistance,2,2,2,1,Kashyyyk
2025-07-09 09:04:46,338,resistance_soldier,resistance,1,9,3,6,Troiken
2025-07-09 09:04:45,339,unknown,resistance,6,2,10,6,Toydaria
2025-07-09 09:04:44,340,at-at,resistance,3,4,5,1,Chandrila
2025-07-09 09:04:43,341,tie_silencer,resistance,1,2,8,6,Iridonia
2025-07-09 09:04:42,342,at-st,resistance,9,3,2,7,Dorin
2025-07-09 09:04:41,343,tie_silencer,empire,7,7,1,4,Tholoth
2025-07-09 09:04:40,344,x-wing,empire,9,10,3,5,Malastare
2025-07-09 09:04:39,345,tie_silencer,empire,10,6,2,3,Naboo
2025-07-09 09:04:38,346,tie_fighter,empire,2,6,9,3,Serenno
2025-07-09 09:04:37,347,resistance_soldier,resistance,5,6,1,7,Dagobah
2025-07-09 09:04:36,348,tie_fighter,empire,6,1,8,7,Iridonia
2025-07-09 09:04:35,349,tie_fighter,empire,3,3,10,1,Tatooine
2025-07-09 09:04:34,350,tie_fighter,empire,8,4,5,2,Tund
2025-07-09 09:04:33,351,x-wing,resistance,10,5,10,5,Haruun Kal
2025-07-09 09:04:32,352,tie_silencer,empire,4,4,5,10,Umbara
2025-07-09 09:04:31,353,at-at,empire,10,9,1,10,Tund
2025-07-09 09:04:30,354,unknown,empire,6,7,4,9,Muunilinst
2025-07-09 09:04:29,355,at-st,resistance,5,4,10,5,Mon Cala
2025-07-09 09:04:28,356,at-st,resistance,5,4,5,4,Rodia
2025-07-09 09:04:27,357,at-st,resistance,8,10,7,2,Iridonia
2025-07-09 09:04:26,358,tie_fighter,resistance,7,2,5,4,Serenno
2025-07-09 09:04:25,359,resistance_soldier,resistance,7,8,5,1,Glee Anselm
2025-07-09 09:04:24,360,tie_silencer,empire,5,6,8,9,Cerea
2025-07-09 09:04:23,361,tie_fighter,resistance,9,8,8,1,Ryloth
2025-07-09 09:04:22,362,unknown,empire,2,6,7,8,Ojom
2025-07-09 09:04:21,363,resistance_soldier,empire,8,5,1,2,Vulpter
2025-07-09 09:04:20,364,unknown,empire,6,7,2,1,Aleen Minor
2025-07-09 09:04:19,365,at-at,resistance,9,6,7,7,Alderaan
2025-07-09 09:04:18,366,unknown,empire,7,3,6,10,Rodia
2025-07-09 09:04:17,367,tie_silencer,resistance,8,3,6,1,Mirial
2025-07-09 09:04:16,368,x-wing,empire,8,1,3,2,Dagobah
2025-07-09 09:04:15,369,at-at,empire,4,5,3,5,Tholoth
2025-07-09 09:04:14,370,unknown,resistance,10,7,3,7,Vulpter
2025-07-09 09:04:13,371,x-wing,resistance,1,5,10,3,Trandosha
2025-07-09 09:04:12,372,tie_silencer,resistance,4,4,9,9,Mon Cala
2025-07-09 09:04:11,373,tie_fighter,empire,6,8,2,7,Aleen Minor
2025-07-09 09:04:10,374,unknown,empire,9,4,5,2,Kalee
2025-07-09 09:04:09,375,x-wing,resistance,9,3,5,5,Socorro
2025-07-09 09:04:08,376,stormtrooper,resistance,8,5,3,6,Ryloth
2025-07-09 09:04:07,377,x-wing,empire,6,2,8,10,Stewjon
2025-07-09 09:04:06,378,at-at,empire,7,10,8,8,Ojom
2025-07-09 09:04:05,379,at-st,resistance,10,4,10,7,Zolan
2025-07-09 09:04:04,380,unknown,empire,1,5,1,1,Dagobah
2025-07-09 09:04:03,381,tie_silencer,resistance,9,7,4,1,Iridonia
2025-07-09 09:04:02,382,stormtrooper,resistance,3,10,7,8,Iridonia
2025-07-09 09:04:01,383,resistance_soldier,empire,9,8,2,8,Corellia
2025-07-09 09:04:00,384,resistance_soldier,empire,3,2,6,9,Kalee
2025-07-09 09:03:59,385,at-at,resistance,2,8,4,2,Tholoth
2025-07-09 09:03:58,386,at-at,resistance,6,8,10,8,Naboo
2025-07-09 09:03:57,387,unknown,resistance,2,1,2,7,Glee Anselm
2025-07-09 09:03:56,388,at-at,resistance,8,3,9,4,Sullust
2025-07-09 09:03:55,389,resistance_soldier,resistance,4,2,1,10,Ojom
2025-07-09 09:03:54,390,at-at,empire,2,1,4,10,Champala
2025-07-09 09:03:53,391,tie_fighter,resistance,1,4,5,6,Iridonia
2025-07-09 09:03:52,392,stormtrooper,empire,5,5,10,6,Toydaria
2025-07-09 09:03:51,393,tie_fighter,resistance,10,4,7,7,Umbara
2025-07-09 09:03:50,394,at-at,empire,2,10,2,8,Haruun Kal
2025-07-09 09:03:49,395,resistance_soldier,resistance,6,8,8,3,Bestine IV
2025-07-09 09:03:48,396,tie_silencer,empire,5,3,8,3,Aleen Minor
2025-07-09 09:03:47,397,stormtrooper,resistance,10,1,4,4,Haruun Kal
2025-07-09 09:03:46,398,tie_silencer,empire,10,9,6,6,Serenno
2025-07-09 09:03:45,399,at-st,resistance,7,7,2,1,Rodia
2025-07-09 09:03:44,400,resistance_soldier,empire,6,7,4,3,Skako
2025-07-09 09:03:43,401,resistance_soldier,resistance,6,2,9,5,Concord Dawn
2025-07-09 09:03:42,402,at-at,empire,9,8,2,6,Bestine IV
2025-07-09 09:03:41,403,tie_fighter,resistance,4,8,6,10,Vulpter
2025-07-09 09:03:40,404,tie_silencer,resistance,3,4,6,9,Troiken
2025-07-09 09:03:39,405,unknown,resistance,1,2,5,9,Rodia
2025-07-09 09:03:38,406,tie_silencer,resistance,5,9,5,7,Sullust
2025-07-09 09:03:37,407,tie_fighter,empire,4,1,6,8,Vulpter
2025-07-09 09:03:36,408,tie_silencer,empire,3,6,10,6,Stewjon
2025-07-09 09:03:35,409,x-wing,empire,7,2,8,6,Skako
2025-07-09 09:03:34,410,unknown,empire,10,1,8,4,Troiken
2025-07-09 09:03:33,411,stormtrooper,resistance,5,7,9,6,Bestine IV
2025-07-09 09:03:32,412,tie_fighter,resistance,7,7,2,4,Mon Cala
2025-07-09 09:03:31,413,unknown,resistance,1,1,4,5,Socorro
2025-07-09 09:03:30,414,at-at,empire,9,3,4,8,Socorro
2025-07-09 09:03:29,415,at-st,resistance,2,2,3,7,Toydaria
2025-07-09 09:03:28,416,unknown,empire,1,4,3,7,Tund
2025-07-09 09:03:27,417,at-st,empire,4,10,3,6,Corellia
2025-07-09 09:03:26,418,tie_fighter,empire,6,10,1,4,Glee Anselm
2025-07-09 09:03:25,419,unknown,resistance,8,1,6,7,Vulpter
2025-07-09 09:03:24,420,tie_fighter,empire,3,5,6,2,Glee Anselm
2025-07-09 09:03:23,421,tie_silencer,resistance,4,3,9,8,Socorro
2025-07-09 09:03:22,422,x-wing,empire,5,4,4,6,Malastare
2025-07-09 09:03:21,423,at-at,empire,5,8,6,5,Ojom
2025-07-09 09:03:20,424,unknown,empire,4,2,7,3,Iridonia
2025-07-09 09:03:19,425,at-at,resistance,8,6,6,5,Troiken
2025-07-09 09:03:18,426,tie_silencer,resistance,10,4,9,8,Rodia
2025-07-09 09:03:17,427,tie_silencer,resistance,8,2,7,9,Ryloth
2025-07-09 09:03:16,428,x-wing,empire,4,7,4,9,Eriadu
2025-07-09 09:03:15,429,at-st,resistance,9,6,10,10,Tholoth
2025-07-09 09:03:14,430,at-at,empire,7,3,6,10,Cerea
2025-07-09 09:03:13,431,resistance_soldier,resistance,3,8,7,8,Dathomir
2025-07-09 09:03:12,432,tie_fighter,empire,3,6,7,7,Quermia
2025-07-09 09:03:11,433,tie_fighter,resistance,7,8,9,5,Rodia
2025-07-09 09:03:10,434,at-at,empire,2,8,2,7,Haruun Kal
2025-07-09 09:03:09,435,x-wing,empire,3,10,6,8,Skako
2025-07-09 09:03:08,436,x-wing,empire,7,6,6,7,Skako
2025-07-09 09:03:07,437,unknown,resistance,4,7,4,3,Glee Anselm
2025-07-09 09:03:06,438,at-st,empire,8,2,5,3,Ojom
2025-07-09 09:03:05,439,tie_silencer,resistance,8,10,8,7,Shili
2025-07-09 09:03:04,440,at-at,empire,3,5,8,6,Tatooine
2025-07-09 09:03:03,441,unknown,empire,6,8,4,7,Dorin
2025-07-09 09:03:02,442,tie_fighter,resistance,1,3,1,6,Ojom
2025-07-09 09:03:01,443,stormtrooper,empire,10,1,9,10,Mon Cala
2025-07-09 09:03:00,444,stormtrooper,empire,1,10,4,10,Tholoth
2025-07-09 09:02:59,445,at-st,resistance,9,4,6,3,Ryloth
2025-07-09 09:02:58,446,stormtrooper,resistance,2,5,1,8,Ojom
2025-07-09 09:02:57,447,tie_fighter,resistance,2,7,10,6,Naboo
2025-07-09 09:02:56,448,x-wing,resistance,3,1,4,4,Ojom
2025-07-09 09:02:55,449,stormtrooper,empire,5,8,8,2,Tund
2025-07-09 09:02:54,450,at-st,resistance,9,3,5,7,Ryloth
2025-07-09 09:02:53,451,at-st,resistance,7,1,8,4,Ryloth
2025-07-09 09:02:52,452,at-at,resistance,10,5,10,10,Champala
2025-07-09 09:02:51,453,at-at,empire,7,4,8,10,Corellia
2025-07-09 09:02:50,454,at-st,empire,1,2,5,10,Vulpter
2025-07-09 09:02:49,455,unknown,empire,7,5,8,2,Malastare
2025-07-09 09:02:48,456,at-st,resistance,6,7,5,4,Socorro
2025-07-09 09:02:47,457,resistance_soldier,resistance,3,6,6,9,Tatooine
2025-07-09 09:02:46,458,stormtrooper,empire,6,3,6,4,Malastare
2025-07-09 09:02:45,459,unknown,resistance,5,2,3,3,Socorro
2025-07-09 09:02:44,460,tie_fighter,empire,4,2,9,5,Dagobah
2025-07-09 09:02:43,461,tie_silencer,empire,8,8,7,10,Dorin
2025-07-09 09:02:42,462,unknown,empire,4,1,10,4,Chandrila
2025-07-09 09:02:41,463,x-wing,resistance,9,3,3,3,Alderaan
2025-07-09 09:02:40,464,at-st,empire,5,8,9,6,Kashyyyk
2025-07-09 09:02:39,465,at-at,empire,1,6,6,10,Serenno
2025-07-09 09:02:38,466,at-st,empire,4,9,5,8,Socorro
2025-07-09 09:02:37,467,tie_fighter,resistance,9,7,1,5,Shili
2025-07-09 09:02:36,468,at-at,empire,8,3,8,1,Corellia
2025-07-09 09:02:35,469,tie_fighter,empire,5,10,8,4,Kalee
2025-07-09 09:02:34,470,tie_fighter,empire,2,3,1,2,Stewjon
2025-07-09 09:02:33,471,x-wing,empire,4,3,1,3,Umbara
2025-07-09 09:02:32,472,resistance_soldier,resistance,4,3,6,6,Kalee
2025-07-09 09:02:31,473,unknown,empire,9,6,4,5,Zolan
2025-07-09 09:02:30,474,at-st,resistance,7,1,1,8,Iridonia
2025-07-09 09:02:29,475,at-at,empire,8,8,9,3,Stewjon
2025-07-09 09:02:28,476,tie_silencer,empire,8,5,5,6,Corellia
2025-07-09 09:02:27,477,at-st,resistance,3,2,6,6,Quermia
2025-07-09 09:02:26,478,x-wing,resistance,10,2,2,8,Mirial
2025-07-09 09:02:25,479,unknown,resistance,1,8,5,2,Aleen Minor
2025-07-09 09:02:24,480,unknown,resistance,4,10,8,4,Mirial
2025-07-09 09:02:23,481,tie_fighter,empire,10,1,10,1,Kalee
2025-07-09 09:02:22,482,stormtrooper,resistance,1,6,8,5,Kashyyyk
2025-07-09 09:02:21,483,unknown,resistance,7,7,4,10,Sullust
2025-07-09 09:02:20,484,tie_fighter,resistance,4,8,8,1,Kashyyyk
2025-07-09 09:02:19,485,at-st,empire,9,4,5,3,Rodia
2025-07-09 09:02:18,486,at-st,resistance,1,5,4,2,Dorin
2025-07-09 09:02:17,487,x-wing,empire,4,1,5,4,Kalee
2025-07-09 09:02:16,488,tie_silencer,resistance,4,2,5,1,Rodia
2025-07-09 09:02:15,489,stormtrooper,empire,2,7,8,2,Naboo
2025-07-09 09:02:14,490,stormtrooper,empire,2,1,10,1,Eriadu
2025-07-09 09:02:13,491,at-at,empire,9,5,5,4,Troiken
2025-07-09 09:02:12,492,tie_silencer,empire,8,10,5,3,Troiken
2025-07-09 09:02:11,493,stormtrooper,resistance,9,4,1,1,Stewjon
2025-07-09 09:02:10,494,unknown,resistance,10,6,3,7,Rodia
2025-07-09 09:02:09,495,tie_fighter,empire,10,1,10,9,Champala
2025-07-09 09:02:08,496,at-at,empire,10,2,6,1,Corellia
2025-07-09 09:02:07,497,at-at,resistance,3,9,4,7,Zolan
2025-07-09 09:02:06,498,tie_fighter,empire,7,5,4,8,Dathomir
2025-07-09 09:02:05,499,at-at,empire,5,1,10,1,Champala
2025-07-09 09:02:04,500,at-at,empire,6,6,7,1,Serenno
2025-07-09 09:02:03,501,tie_fighter,resistance,3,7,7,6,Alderaan
2025-07-09 09:02:02,502,unknown,empire,1,4,4,5,Aleen Minor
2025-07-09 09:02:01,503,at-st,resistance,9,6,4,4,Malastare
2025-07-09 09:02:00,504,resistance_soldier,resistance,3,6,2,4,Alderaan
2025-07-09 09:01:59,505,at-st,resistance,8,9,1,2,Rodia
2025-07-09 09:01:58,506,unknown,resistance,4,9,1,8,Haruun Kal
2025-07-09 09:01:57,507,tie_silencer,empire,5,6,6,2,Muunilinst
2025-07-09 09:01:56,508,x-wing,resistance,6,7,4,2,Ryloth
2025-07-09 09:01:55,509,resistance_soldier,empire,1,4,8,5,Tund
2025-07-09 09:01:54,510,x-wing,resistance,9,4,9,8,Shili
2025-07-09 09:01:53,511,at-st,empire,5,7,7,5,Muunilinst
2025-07-09 09:01:52,512,x-wing,empire,3,2,6,2,Tatooine
2025-07-09 09:01:51,513,x-wing,empire,8,3,10,10,Serenno
2025-07-09 09:01:50,514,at-st,empire,9,9,6,3,Skako
2025-07-09 09:01:49,515,at-st,resistance,8,6,8,8,Eriadu
2025-07-09 09:01:48,516,stormtrooper,empire,7,3,7,2,Iktotch
2025-07-09 09:01:47,517,at-at,empire,1,2,8,2,Muunilinst
2025-07-09 09:01:46,518,stormtrooper,empire,9,3,10,7,Quermia
2025-07-09 09:01:45,519,stormtrooper,empire,2,3,4,6,Iridonia
2025-07-09 09:01:44,520,stormtrooper,resistance,3,7,4,2,Socorro
2025-07-09 09:01:43,521,stormtrooper,resistance,2,6,6,9,Ryloth
2025-07-09 09:01:42,522,tie_fighter,resistance,2,7,4,8,Glee Anselm
2025-07-09 09:01:41,523,tie_silencer,resistance,9,1,5,8,Muunilinst
2025-07-09 09:01:40,524,tie_fighter,empire,3,8,8,8,Tatooine
2025-07-09 09:01:39,525,tie_silencer,resistance,4,7,10,9,Kalee
2025-07-09 09:01:38,526,at-st,empire,4,5,10,4,Iridonia
2025-07-09 09:01:37,527,resistance_soldier,resistance,3,7,7,6,Cerea
2025-07-09 09:01:36,528,x-wing,empire,2,10,4,3,Tund
2025-07-09 09:01:35,529,tie_fighter,empire,6,5,2,2,Corellia
2025-07-09 09:01:34,530,stormtrooper,empire,4,5,4,5,Dorin
2025-07-09 09:01:33,531,stormtrooper,empire,1,8,9,10,Iridonia
2025-07-09 09:01:32,532,x-wing,resistance,5,5,10,2,Cerea
2025-07-09 09:01:31,533,at-st,resistance,10,4,10,2,Kashyyyk
2025-07-09 09:01:30,534,stormtrooper,empire,5,5,2,10,Troiken
2025-07-09 09:01:29,535,tie_silencer,resistance,9,4,1,4,Trandosha
2025-07-09 09:01:28,536,at-st,resistance,9,7,5,8,Haruun Kal
2025-07-09 09:01:27,537,tie_silencer,resistance,4,6,7,2,Champala
2025-07-09 09:01:26,538,at-at,resistance,6,9,1,2,Alderaan
2025-07-09 09:01:25,539,at-at,resistance,5,6,10,10,Ryloth
2025-07-09 09:01:24,540,x-wing,empire,8,10,6,10,Kalee
2025-07-09 09:01:23,541,x-wing,empire,10,10,5,7,Umbara
2025-07-09 09:01:22,542,resistance_soldier,empire,4,9,3,8,Champala
2025-07-09 09:01:21,543,tie_fighter,resistance,1,10,1,3,Haruun Kal
2025-07-09 09:01:20,544,at-at,resistance,5,3,10,4,Ryloth
2025-07-09 09:01:19,545,at-st,resistance,9,2,5,3,Chandrila
2025-07-09 09:01:18,546,resistance_soldier,resistance,4,2,6,10,Iridonia
2025-07-09 09:01:17,547,resistance_soldier,resistance,4,1,9,7,Iridonia
2025-07-09 09:01:16,548,unknown,resistance,5,4,1,5,Toydaria
2025-07-09 09:01:15,549,at-at,resistance,6,9,3,10,Mirial
2025-07-09 09:01:14,550,tie_fighter,resistance,8,7,2,6,Naboo
2025-07-09 09:01:13,551,resistance_soldier,resistance,2,5,6,7,Troiken
2025-07-09 09:01:12,552,at-st,empire,8,10,7,8,Ryloth
2025-07-09 09:01:11,553,resistance_soldier,resistance,2,2,8,4,Troiken
2025-07-09 09:01:10,554,stormtrooper,resistance,1,8,9,9,Bestine IV
2025-07-09 09:01:09,555,at-st,empire,4,2,4,7,Kalee
2025-07-09 09:01:08,556,resistance_soldier,empire,4,8,10,3,Malastare
2025-07-09 09:01:07,557,at-at,resistance,10,6,7,3,Haruun Kal
2025-07-09 09:01:06,558,tie_silencer,empire,5,9,5,4,Naboo
2025-07-09 09:01:05,559,tie_fighter,empire,7,8,1,4,Tholoth
2025-07-09 09:01:04,560,stormtrooper,resistance,4,3,7,4,Sullust
2025-07-09 09:01:03,561,at-at,empire,6,3,10,1,Muunilinst
2025-07-09 09:01:02,562,stormtrooper,empire,7,10,7,1,Aleen Minor
2025-07-09 09:01:01,563,at-st,resistance,8,5,8,1,Naboo
2025-07-09 09:01:00,564,at-at,resistance,6,6,8,10,Dathomir
2025-07-09 09:00:59,565,stormtrooper,resistance,5,7,10,8,Rodia
2025-07-09 09:00:58,566,unknown,empire,10,9,5,10,Ryloth
2025-07-09 09:00:57,567,unknown,resistance,9,3,2,7,Bestine IV
2025-07-09 09:00:56,568,at-at,resistance,5,2,1,6,Ojom
2025-07-09 09:00:55,569,at-st,resistance,8,3,2,5,Champala
2025-07-09 09:00:54,570,stormtrooper,empire,4,5,1,5,Cerea
2025-07-09 09:00:53,571,stormtrooper,resistance,6,1,9,4,Aleen Minor
2025-07-09 09:00:52,572,unknown,resistance,4,6,3,1,Ojom
2025-07-09 09:00:51,573,at-st,empire,2,8,3,7,Tatooine
2025-07-09 09:00:50,574,stormtrooper,resistance,5,4,6,9,Dathomir
2025-07-09 09:00:49,575,tie_fighter,empire,5,2,4,8,Tholoth
2025-07-09 09:00:48,576,tie_silencer,empire,6,6,6,3,Cerea
2025-07-09 09:00:47,577,at-at,empire,8,6,4,7,Dorin
2025-07-09 09:00:46,578,x-wing,empire,5,8,8,10,Trandosha
2025-07-09 09:00:45,579,stormtrooper,empire,6,4,10,3,Glee Anselm
2025-07-09 09:00:44,580,stormtrooper,empire,1,8,9,2,Skako
2025-07-09 09:00:43,581,unknown,resistance,8,8,1,3,Iridonia
2025-07-09 09:00:42,582,unknown,resistance,8,1,6,5,Mon Cala
2025-07-09 09:00:41,583,x-wing,empire,9,5,5,2,Dagobah
2025-07-09 09:00:40,584,at-st,resistance,10,6,8,8,Chandrila
2025-07-09 09:00:39,585,tie_silencer,empire,7,7,1,8,Iridonia
2025-07-09 09:00:38,586,at-st,resistance,9,3,8,1,Concord Dawn
2025-07-09 09:00:37,587,resistance_soldier,empire,3,4,2,9,Serenno
2025-07-09 09:00:36,588,at-at,empire,2,4,2,5,Iktotch
2025-07-09 09:00:35,589,tie_silencer,resistance,3,7,8,8,Kashyyyk
2025-07-09 09:00:34,590,tie_fighter,empire,4,3,6,7,Socorro
2025-07-09 09:00:33,591,x-wing,resistance,1,10,8,8,Dathomir
2025-07-09 09:00:32,592,at-at,resistance,7,10,6,7,Skako
2025-07-09 09:00:31,593,at-at,resistance,1,1,2,8,Umbara
2025-07-09 09:00:30,594,x-wing,empire,7,3,6,1,Concord Dawn
2025-07-09 09:00:29,595,resistance_soldier,resistance,10,5,2,1,Dathomir
2025-07-09 09:00:28,596,stormtrooper,empire,4,1,4,4,Vulpter
2025-07-09 09:00:27,597,x-wing,empire,4,2,10,4,Trandosha
2025-07-09 09:00:26,598,tie_fighter,resistance,9,5,2,8,Cerea
2025-07-09 09:00:25,599,tie_fighter,empire,4,9,8,8,Ryloth
2025-07-09 09:00:24,600,x-wing,resistance,9,5,3,5,Mon Cala
2025-07-09 09:00:23,601,resistance_soldier,empire,7,2,4,2,Zolan
2025-07-09 09:00:22,602,stormtrooper,resistance,8,8,6,10,Aleen Minor
2025-07-09 09:00:21,603,tie_fighter,resistance,8,6,8,6,Socorro
2025-07-09 09:00:20,604,at-st,resistance,10,8,9,9,Dathomir
2025-07-09 09:00:19,605,tie_fighter,resistance,4,1,7,6,Kashyyyk
2025-07-09 09:00:18,606,tie_silencer,empire,6,10,8,1,Socorro
2025-07-09 09:00:17,607,tie_silencer,empire,9,1,2,10,Concord Dawn
2025-07-09 09:00:16,608,unknown,resistance,3,1,9,7,Dorin
2025-07-09 09:00:15,609,resistance_soldier,empire,6,2,2,1,Corellia
2025-07-09 09:00:14,610,stormtrooper,resistance,2,7,8,10,Mon Cala
2025-07-09 09:00:13,611,at-st,empire,5,9,5,4,Vulpter
2025-07-09 09:00:12,612,x-wing,empire,9,2,2,1,Dorin
2025-07-09 09:00:11,613,at-st,empire,6,8,4,5,Concord Dawn
2025-07-09 09:00:10,614,at-at,empire,2,3,8,8,Dagobah
2025-07-09 09:00:09,615,resistance_soldier,resistance,7,10,8,7,Tatooine
2025-07-09 09:00:08,616,unknown,empire,2,10,2,6,Naboo
2025-07-09 09:00:07,617,resistance_soldier,empire,5,4,2,10,Toydaria
2025-07-09 09:00:06,618,stormtrooper,resistance,3,3,5,5,Naboo
2025-07-09 09:00:05,619,unknown,empire,1,8,5,2,Toydaria
2025-07-09 09:00:04,620,at-st,resistance,9,4,10,8,Glee Anselm
2025-07-09 09:00:03,621,resistance_soldier,empire,10,5,3,9,Shili
2025-07-09 09:00:02,622,at-at,resistance,2,3,10,1,Cerea
2025-07-09 09:00:01,623,tie_fighter,resistance,2,3,3,6,Kashyyyk
2025-07-09 09:00:00,624,tie_fighter,empire,3,7,10,9,Stewjon
2025-07-09 08:59:59,625,unknown,resistance,4,6,8,7,Shili
2025-07-09 08:59:58,626,tie_silencer,empire,1,5,6,2,Muunilinst
2025-07-09 08:59:57,627,tie_fighter,resistance,7,7,1,10,Alderaan
2025-07-09 08:59:56,628,tie_fighter,empire,4,5,5,1,Corellia
2025-07-09 08:59:55,629,stormtrooper,empire,3,1,4,6,Malastare
2025-07-09 08:59:54,630,at-st,empire,1,10,1,10,Muunilinst
2025-07-09 08:59:53,631,stormtrooper,empire,6,7,3,9,Muunilinst
2025-07-09 08:59:52,632,stormtrooper,resistance,6,7,6,8,Mon Cala
2025-07-09 08:59:51,633,resistance_soldier,empire,4,4,1,10,Trandosha
2025-07-09 08:59:50,634,resistance_soldier,empire,6,5,10,8,Vulpter
2025-07-09 08:59:49,635,unknown,empire,9,8,9,3,Skako
2025-07-09 08:59:48,636,tie_silencer,empire,3,8,9,2,Tholoth
2025-07-09 08:59:47,637,stormtrooper,empire,4,9,6,6,Stewjon
2025-07-09 08:59:46,638,tie_fighter,resistance,5,8,10,6,Corellia
2025-07-09 08:59:45,639,at-at,empire,9,3,4,3,Concord Dawn
2025-07-09 08:59:44,640,at-at,empire,4,2,1,2,Malastare
2025-07-09 08:59:43,641,at-at,empire,7,2,2,5,Skako
2025-07-09 08:59:42,642,stormtrooper,resistance,5,2,7,10,Mon Cala
2025-07-09 08:59:41,643,unknown,resistance,8,3,6,10,Shili
2025-07-09 08:59:40,644,unknown,empire,8,2,2,3,Stewjon
2025-07-09 08:59:39,645,at-at,empire,2,2,10,6,Dagobah
2025-07-09 08:59:38,646,unknown,resistance,5,2,7,6,Ryloth
2025-07-09 08:59:37,647,resistance_soldier,empire,4,1,6,4,Ryloth
2025-07-09 08:59:36,648,stormtrooper,empire,2,4,10,3,Bestine IV
2025-07-09 08:59:35,649,at-st,empire,9,8,3,3,Rodia
2025-07-09 08:59:34,650,at-at,resistance,7,6,2,6,Alderaan
2025-07-09 08:59:33,651,tie_fighter,resistance,2,6,10,6,Kashyyyk
2025-07-09 08:59:32,652,unknown,empire,5,2,6,6,Skako
2025-07-09 08:59:31,653,stormtrooper,resistance,2,6,4,1,Umbara
2025-07-09 08:59:30,654,tie_silencer,resistance,9,8,4,5,Quermia
2025-07-09 08:59:29,655,tie_silencer,resistance,1,6,6,3,Vulpter
2025-07-09 08:59:28,656,tie_fighter,resistance,5,10,6,1,Kalee
2025-07-09 08:59:27,657,stormtrooper,empire,7,3,4,7,Muunilinst
2025-07-09 08:59:26,658,at-st,resistance,5,2,3,10,Tholoth
2025-07-09 08:59:25,659,at-at,empire,8,4,5,4,Aleen Minor
2025-07-09 08:59:24,660,at-at,resistance,3,2,4,1,Umbara
2025-07-09 08:59:23,661,stormtrooper,empire,8,7,5,4,Quermia
2025-07-09 08:59:22,662,tie_fighter,resistance,4,1,10,6,Ryloth
2025-07-09 08:59:21,663,x-wing,empire,6,6,3,8,Bestine IV
2025-07-09 08:59:20,664,resistance_soldier,empire,10,2,10,7,Champala
2025-07-09 08:59:19,665,tie_fighter,empire,10,10,9,6,Corellia
2025-07-09 08:59:18,666,x-wing,resistance,2,10,5,6,Bestine IV
2025-07-09 08:59:17,667,at-at,empire,9,6,3,4,Haruun Kal
2025-07-09 08:59:16,668,at-st,resistance,3,6,4,10,Kashyyyk
2025-07-09 08:59:15,669,tie_silencer,resistance,8,10,8,10,Mon Cala
2025-07-09 08:59:14,670,resistance_soldier,empire,8,8,4,8,Corellia
2025-07-09 08:59:13,671,at-at,resistance,6,4,1,5,Glee Anselm
2025-07-09 08:59:12,672,resistance_soldier,empire,4,8,7,5,Muunilinst
2025-07-09 08:59:11,673,stormtrooper,empire,2,5,10,10,Bestine IV
2025-07-09 08:59:10,674,x-wing,empire,10,5,2,7,Dathomir
2025-07-09 08:59:09,675,resistance_soldier,resistance,5,2,1,10,Zolan
2025-07-09 08:59:08,676,unknown,resistance,9,10,3,7,Glee Anselm
2025-07-09 08:59:07,677,stormtrooper,resistance,10,6,8,9,Tatooine
2025-07-09 08:59:06,678,tie_silencer,resistance,2,3,4,4,Vulpter
2025-07-09 08:59:05,679,at-at,resistance,10,7,7,5,Ryloth
2025-07-09 08:59:04,680,at-at,empire,6,10,10,9,Dagobah
2025-07-09 08:59:03,681,tie_fighter,resistance,6,4,2,3,Sullust
2025-07-09 08:59:02,682,resistance_soldier,resistance,4,9,9,6,Shili
2025-07-09 08:59:01,683,tie_fighter,resistance,5,3,5,2,Kashyyyk
2025-07-09 08:59:00,684,at-at,resistance,4,2,2,10,Chandrila
2025-07-09 08:58:59,685,resistance_soldier,resistance,6,7,9,5,Iridonia
2025-07-09 08:58:58,686,tie_fighter,empire,1,9,8,4,Vulpter
2025-07-09 08:58:57,687,tie_silencer,empire,7,3,8,5,Tund
2025-07-09 08:58:56,688,at-st,resistance,7,2,8,8,Alderaan
2025-07-09 08:58:55,689,resistance_soldier,empire,2,4,3,7,Dorin
2025-07-09 08:58:54,690,stormtrooper,resistance,4,1,1,6,Tund
2025-07-09 08:58:53,691,at-st,resistance,7,7,7,6,Ojom
2025-07-09 08:58:52,692,tie_fighter,empire,1,3,7,10,Vulpter
2025-07-09 08:58:51,693,tie_silencer,resistance,5,5,7,6,Shili
2025-07-09 08:58:50,694,resistance_soldier,resistance,8,6,1,5,Mon Cala
2025-07-09 08:58:49,695,tie_fighter,empire,10,4,3,10,Aleen Minor
2025-07-09 08:58:48,696,tie_silencer,empire,8,8,10,3,Dathomir
2025-07-09 08:58:47,697,at-st,resistance,4,6,7,1,Glee Anselm
2025-07-09 08:58:46,698,x-wing,empire,1,5,5,9,Bestine IV
2025-07-09 08:58:45,699,at-at,resistance,6,7,8,9,Rodia
2025-07-09 08:58:44,700,at-st,empire,2,9,5,10,Eriadu
2025-07-09 08:58:43,701,x-wing,empire,9,1,3,5,Mirial
2025-07-09 08:58:42,702,stormtrooper,resistance,7,8,10,10,Socorro
2025-07-09 08:58:41,703,unknown,empire,1,3,2,5,Eriadu
2025-07-09 08:58:40,704,resistance_soldier,resistance,7,8,10,9,Iridonia
2025-07-09 08:58:39,705,tie_fighter,resistance,3,3,1,1,Rodia
2025-07-09 08:58:38,706,tie_silencer,empire,4,10,7,10,Trandosha
2025-07-09 08:58:37,707,x-wing,empire,8,6,1,9,Vulpter
2025-07-09 08:58:36,708,tie_silencer,empire,6,1,5,2,Vulpter
2025-07-09 08:58:35,709,at-st,resistance,3,10,10,8,Rodia
2025-07-09 08:58:34,710,at-at,resistance,9,5,10,3,Mirial
2025-07-09 08:58:33,711,resistance_soldier,resistance,9,1,4,5,Corellia
2025-07-09 08:58:32,712,tie_fighter,resistance,7,9,7,7,Tatooine
2025-07-09 08:58:31,713,stormtrooper,resistance,1,1,6,5,Iridonia
2025-07-09 08:58:30,714,tie_silencer,resistance,5,2,6,4,Kalee
2025-07-09 08:58:29,715,tie_silencer,resistance,5,10,2,4,Aleen Minor
2025-07-09 08:58:28,716,stormtrooper,empire,2,10,9,2,Muunilinst
2025-07-09 08:58:27,717,resistance_soldier,resistance,9,5,5,9,Skako
2025-07-09 08:58:26,718,x-wing,resistance,5,4,2,8,Bestine IV
2025-07-09 08:58:25,719,resistance_soldier,empire,4,5,2,7,Aleen Minor
2025-07-09 08:58:24,720,resistance_soldier,resistance,8,1,2,5,Haruun Kal
2025-07-09 08:58:23,721,unknown,empire,2,8,7,8,Toydaria
2025-07-09 08:58:22,722,tie_silencer,empire,10,8,1,9,Aleen Minor
2025-07-09 08:58:21,723,unknown,resistance,9,8,9,5,Chandrila
2025-07-09 08:58:20,724,resistance_soldier,resistance,7,5,3,5,Troiken
2025-07-09 08:58:19,725,x-wing,empire,9,1,5,10,Tund
2025-07-09 08:58:18,726,resistance_soldier,resistance,3,8,4,3,Mirial
2025-07-09 08:58:17,727,at-st,resistance,3,7,6,7,Umbara
2025-07-09 08:58:16,728,resistance_soldier,resistance,2,7,7,1,Bestine IV
2025-07-09 08:58:15,729,tie_silencer,resistance,3,5,5,3,Eriadu
2025-07-09 08:58:14,730,x-wing,empire,9,2,1,9,Ryloth
2025-07-09 08:58:13,731,at-st,empire,8,4,4,8,Muunilinst
2025-07-09 08:58:12,732,at-at,empire,10,4,5,2,Tholoth
2025-07-09 08:58:11,733,unknown,empire,8,10,9,3,Muunilinst
2025-07-09 08:58:10,734,tie_fighter,empire,2,4,7,7,Troiken
2025-07-09 08:58:09,735,at-st,empire,4,1,8,10,Dagobah
2025-07-09 08:58:08,736,at-at,resistance,5,3,7,4,Champala
2025-07-09 08:58:07,737,stormtrooper,empire,10,10,6,1,Dathomir
2025-07-09 08:58:06,738,at-at,resistance,8,10,7,3,Iridonia
2025-07-09 08:58:05,739,unknown,resistance,6,8,3,4,Kashyyyk
2025-07-09 08:58:04,740,unknown,empire,2,4,1,6,Kalee
2025-07-09 08:58:03,741,at-at,empire,3,2,3,1,Serenno
2025-07-09 08:58:02,742,tie_fighter,resistance,10,5,5,8,Ryloth
2025-07-09 08:58:01,743,at-at,empire,9,4,2,6,Champala
2025-07-09 08:58:00,744,tie_fighter,empire,10,3,4,9,Haruun Kal
2025-07-09 08:57:59,745,stormtrooper,resistance,4,3,3,10,Ryloth
2025-07-09 08:57:58,746,unknown,resistance,2,8,7,7,Vulpter
2025-07-09 08:57:57,747,unknown,empire,8,1,3,10,Eriadu
2025-07-09 08:57:56,748,stormtrooper,empire,4,3,2,4,Toydaria
2025-07-09 08:57:55,749,x-wing,empire,3,10,5,2,Zolan
2025-07-09 08:57:54,750,at-at,empire,6,2,3,2,Aleen Minor
2025-07-09 08:57:53,751,at-st,empire,10,1,5,7,Iktotch
2025-07-09 08:57:52,752,at-at,resistance,5,2,6,1,Troiken
2025-07-09 08:57:51,753,tie_fighter,empire,1,4,2,9,Mon Cala
2025-07-09 08:57:50,754,tie_fighter,empire,7,8,9,8,Serenno
2025-07-09 08:57:49,755,resistance_soldier,resistance,4,9,7,6,Troiken
2025-07-09 08:57:48,756,at-at,empire,5,2,10,5,Concord Dawn
2025-07-09 08:57:47,757,at-st,empire,6,5,7,4,Ojom
2025-07-09 08:57:46,758,at-st,empire,6,4,3,9,Shili
2025-07-09 08:57:45,759,tie_fighter,empire,6,9,3,9,Serenno
2025-07-09 08:57:44,760,resistance_soldier,empire,9,8,8,6,Concord Dawn
2025-07-09 08:57:43,761,unknown,resistance,6,10,9,4,Quermia
2025-07-09 08:57:42,762,resistance_soldier,resistance,9,2,5,9,Rodia
2025-07-09 08:57:41,763,x-wing,resistance,7,6,1,6,Skako
2025-07-09 08:57:40,764,at-st,empire,2,7,10,9,Mirial
2025-07-09 08:57:39,765,unknown,resistance,8,9,9,5,Chandrila
2025-07-09 08:57:38,766,at-at,resistance,1,4,6,6,Kashyyyk
2025-07-09 08:57:37,767,x-wing,resistance,6,5,1,10,Eriadu
2025-07-09 08:57:36,768,at-st,resistance,6,3,2,7,Ojom
2025-07-09 08:57:35,769,at-at,empire,3,8,1,4,Skako
2025-07-09 08:57:34,770,at-st,resistance,2,4,9,5,Mon Cala
2025-07-09 08:57:33,771,unknown,resistance,2,10,7,2,Muunilinst
2025-07-09 08:57:32,772,tie_fighter,empire,6,5,4,2,Toydaria
2025-07-09 08:57:31,773,at-st,resistance,10,5,7,7,Iktotch
2025-07-09 08:57:30,774,resistance_soldier,empire,3,5,8,1,Stewjon
2025-07-09 08:57:29,775,unknown,empire,4,9,8,9,Dagobah
2025-07-09 08:57:28,776,tie_fighter,resistance,4,9,7,9,Sullust
2025-07-09 08:57:27,777,unknown,empire,1,5,8,8,Haruun Kal
2025-07-09 08:57:26,778,stormtrooper,resistance,4,1,8,10,Dorin
2025-07-09 08:57:25,779,at-st,resistance,8,1,7,7,Iktotch
2025-07-09 08:57:24,780,resistance_soldier,resistance,3,1,9,2,Dorin
2025-07-09 08:57:23,781,resistance_soldier,resistance,4,7,6,5,Haruun Kal
2025-07-09 08:57:22,782,unknown,resistance,3,8,4,5,Iktotch
2025-07-09 08:57:21,783,tie_silencer,empire,1,5,8,9,Trandosha
2025-07-09 08:57:20,784,tie_silencer,empire,8,7,10,5,Kalee
2025-07-09 08:57:19,785,unknown,resistance,8,6,7,5,Dorin
2025-07-09 08:57:18,786,x-wing,resistance,10,9,2,6,Dathomir
2025-07-09 08:57:17,787,x-wing,resistance,5,3,7,7,Glee Anselm
2025-07-09 08:57:16,788,x-wing,empire,1,4,2,5,Eriadu
2025-07-09 08:57:15,789,at-st,resistance,7,2,3,7,Dagobah
2025-07-09 08:57:14,790,tie_silencer,empire,5,8,5,2,Muunilinst
2025-07-09 08:57:13,791,resistance_soldier,empire,2,10,3,9,Iridonia
2025-07-09 08:57:12,792,x-wing,resistance,4,3,1,1,Haruun Kal
2025-07-09 08:57:11,793,unknown,resistance,3,5,5,9,Naboo
2025-07-09 08:57:10,794,tie_silencer,resistance,4,8,7,4,Eriadu
2025-07-09 08:57:09,795,x-wing,empire,6,6,9,1,Umbara
2025-07-09 08:57:08,796,at-at,empire,7,8,7,1,Corellia
2025-07-09 08:57:07,797,at-st,resistance,1,7,6,7,Glee Anselm
2025-07-09 08:57:06,798,unknown,resistance,4,5,10,4,Ojom
2025-07-09 08:57:05,799,at-st,resistance,9,10,6,7,Shili
2025-07-09 08:57:04,800,at-at,empire,4,4,6,6,Zolan
2025-07-09 08:57:03,801,tie_silencer,empire,9,10,9,10,Mirial
2025-07-09 08:57:02,802,stormtrooper,empire,2,6,1,2,Serenno
2025-07-09 08:57:01,803,unknown,resistance,6,8,8,4,Ojom
2025-07-09 08:57:00,804,tie_silencer,resistance,5,2,6,8,Trandosha
2025-07-09 08:56:59,805,at-st,resistance,2,1,1,10,Mon Cala
2025-07-09 08:56:58,806,unknown,empire,2,5,9,9,Ryloth
2025-07-09 08:56:57,807,stormtrooper,empire,3,4,3,9,Aleen Minor
2025-07-09 08:56:56,808,tie_fighter,empire,7,5,7,9,Concord Dawn
2025-07-09 08:56:55,809,unknown,empire,3,1,7,3,Ojom
2025-07-09 08:56:54,810,at-st,resistance,6,8,2,1,Bestine IV
2025-07-09 08:56:53,811,unknown,empire,7,6,10,6,Ryloth
2025-07-09 08:56:52,812,at-st,empire,5,6,6,1,Muunilinst
2025-07-09 08:56:51,813,stormtrooper,resistance,10,5,7,5,Haruun Kal
2025-07-09 08:56:50,814,tie_fighter,empire,9,3,1,7,Ojom
2025-07-09 08:56:49,815,resistance_soldier,resistance,2,7,1,9,Tatooine
2025-07-09 08:56:48,816,resistance_soldier,resistance,1,1,10,10,Cerea
2025-07-09 08:56:47,817,tie_silencer,empire,7,10,8,5,Toydaria
2025-07-09 08:56:46,818,resistance_soldier,empire,9,5,7,7,Toydaria
2025-07-09 08:56:45,819,unknown,empire,4,10,7,5,Corellia
2025-07-09 08:56:44,820,resistance_soldier,resistance,8,7,1,5,Tatooine
2025-07-09 08:56:43,821,x-wing,resistance,1,9,5,9,Quermia
2025-07-09 08:56:42,822,at-at,resistance,6,6,7,4,Alderaan
2025-07-09 08:56:41,823,x-wing,resistance,10,8,3,5,Tholoth
2025-07-09 08:56:40,824,unknown,empire,8,10,9,1,Rodia
2025-07-09 08:56:39,825,at-at,empire,3,6,3,1,Iridonia
2025-07-09 08:56:38,826,stormtrooper,resistance,2,4,5,1,Vulpter
2025-07-09 08:56:37,827,unknown,empire,10,2,2,6,Iktotch
2025-07-09 08:56:36,828,x-wing,resistance,7,10,10,6,Haruun Kal
2025-07-09 08:56:35,829,unknown,resistance,1,3,1,10,Umbara
2025-07-09 08:56:34,830,resistance_soldier,resistance,8,8,1,2,Iktotch
2025-07-09 08:56:33,831,at-st,empire,2,5,2,10,Tatooine
2025-07-09 08:56:32,832,resistance_soldier,empire,3,9,2,9,Bestine IV
2025-07-09 08:56:31,833,at-st,empire,8,6,6,5,Trandosha
2025-07-09 08:56:30,834,stormtrooper,empire,4,5,9,10,Glee Anselm
2025-07-09 08:56:29,835,x-wing,empire,6,1,3,10,Muunilinst
2025-07-09 08:56:28,836,tie_fighter,empire,8,10,7,6,Bestine IV
2025-07-09 08:56:27,837,resistance_soldier,empire,6,3,1,9,Bestine IV
2025-07-09 08:56:26,838,at-at,empire,2,5,8,9,Dorin
2025-07-09 08:56:25,839,at-at,empire,9,7,8,9,Skako
2025-07-09 08:56:24,840,tie_silencer,resistance,5,5,1,3,Iktotch
2025-07-09 08:56:23,841,resistance_soldier,empire,4,3,1,7,Muunilinst
2025-07-09 08:56:22,842,tie_silencer,resistance,3,7,5,4,Iktotch
2025-07-09 08:56:21,843,resistance_soldier,resistance,10,4,10,10,Tholoth
2025-07-09 08:56:20,844,at-at,empire,10,4,8,9,Chandrila
2025-07-09 08:56:19,845,stormtrooper,resistance,7,8,9,5,Toydaria
2025-07-09 08:56:18,846,x-wing,empire,8,9,5,10,Umbara
2025-07-09 08:56:17,847,x-wing,resistance,1,4,5,3,Shili
2025-07-09 08:56:16,848,resistance_soldier,resistance,7,7,4,8,Sullust
2025-07-09 08:56:15,849,tie_fighter,resistance,3,8,9,5,Bestine IV
2025-07-09 08:56:14,850,tie_fighter,resistance,1,2,7,2,Champala
2025-07-09 08:56:13,851,stormtrooper,empire,4,4,3,3,Naboo
2025-07-09 08:56:12,852,tie_silencer,resistance,10,8,9,6,Bestine IV
2025-07-09 08:56:11,853,unknown,empire,2,4,1,4,Zolan
2025-07-09 08:56:10,854,tie_fighter,empire,8,10,1,8,Kashyyyk
2025-07-09 08:56:09,855,at-at,resistance,6,7,3,4,Zolan
2025-07-09 08:56:08,856,at-at,empire,2,7,1,8,Dagobah
2025-07-09 08:56:07,857,resistance_soldier,resistance,4,2,7,9,Trandosha
2025-07-09 08:56:06,858,x-wing,empire,10,6,3,2,Serenno
2025-07-09 08:56:05,859,tie_silencer,empire,8,2,10,1,Haruun Kal
2025-07-09 08:56:04,860,resistance_soldier,empire,9,7,3,8,Umbara
2025-07-09 08:56:03,861,unknown,empire,10,4,8,9,Tholoth
2025-07-09 08:56:02,862,at-at,empire,8,9,7,5,Chandrila
2025-07-09 08:56:01,863,stormtrooper,resistance,7,2,1,6,Mirial
2025-07-09 08:56:00,864,unknown,resistance,3,10,4,2,Kashyyyk
2025-07-09 08:55:59,865,resistance_soldier,resistance,3,4,8,5,Malastare
2025-07-09 08:55:58,866,tie_silencer,resistance,7,6,3,4,Toydaria
2025-07-09 08:55:57,867,at-st,empire,10,5,9,1,Kalee
2025-07-09 08:55:56,868,at-at,empire,1,7,5,10,Trandosha
2025-07-09 08:55:55,869,at-st,empire,8,5,7,7,Corellia
2025-07-09 08:55:54,870,tie_fighter,empire,5,2,9,10,Haruun Kal
2025-07-09 08:55:53,871,resistance_soldier,resistance,5,5,10,3,Naboo
2025-07-09 08:55:52,872,resistance_soldier,empire,4,7,5,7,Corellia
2025-07-09 08:55:51,873,at-at,resistance,10,2,2,1,Iridonia
2025-07-09 08:55:50,874,at-st,empire,9,9,1,10,Cerea
2025-07-09 08:55:49,875,stormtrooper,empire,9,2,7,2,Troiken
2025-07-09 08:55:48,876,unknown,empire,4,8,5,1,Trandosha
2025-07-09 08:55:47,877,x-wing,empire,9,8,3,1,Serenno
2025-07-09 08:55:46,878,tie_silencer,resistance,6,10,1,1,Troiken
2025-07-09 08:55:45,879,resistance_soldier,empire,10,7,3,4,Troiken
2025-07-09 08:55:44,880,tie_silencer,empire,8,2,1,4,Zolan
2025-07-09 08:55:43,881,at-at,empire,8,6,8,10,Stewjon
2025-07-09 08:55:42,882,x-wing,empire,8,1,8,2,Corellia
2025-07-09 08:55:41,883,x-wing,empire,4,4,6,8,Ryloth
2025-07-09 08:55:40,884,tie_silencer,empire,2,2,7,1,Toydaria
2025-07-09 08:55:39,885,x-wing,resistance,6,10,7,7,Naboo
2025-07-09 08:55:38,886,stormtrooper,empire,6,8,2,1,Trandosha
2025-07-09 08:55:37,887,x-wing,resistance,1,5,6,8,Quermia
2025-07-09 08:55:36,888,tie_fighter,empire,6,10,7,4,Ryloth
2025-07-09 08:55:35,889,tie_fighter,empire,7,1,3,3,Concord Dawn
2025-07-09 08:55:34,890,stormtrooper,resistance,8,9,8,4,Mon Cala
2025-07-09 08:55:33,891,tie_fighter,empire,3,5,5,10,Ojom
2025-07-09 08:55:32,892,x-wing,empire,1,10,3,10,Stewjon
2025-07-09 08:55:31,893,tie_fighter,resistance,8,3,5,2,Toydaria
2025-07-09 08:55:30,894,resistance_soldier,resistance,5,6,7,1,Dathomir
2025-07-09 08:55:29,895,resistance_soldier,empire,1,5,2,7,Malastare
2025-07-09 08:55:28,896,resistance_soldier,empire,4,8,6,7,Zolan
2025-07-09 08:55:27,897,at-at,resistance,4,4,1,5,Troiken
2025-07-09 08:55:26,898,tie_fighter,empire,9,2,2,2,Tund
2025-07-09 08:55:25,899,x-wing,empire,3,2,1,2,Haruun Kal
2025-07-09 08:55:24,900,tie_silencer,resistance,3,9,6,2,Haruun Kal
2025-07-09 08:55:23,901,stormtrooper,empire,4,6,8,5,Stewjon
2025-07-09 08:55:22,902,resistance_soldier,empire,10,4,5,3,Stewjon
2025-07-09 08:55:21,903,at-st,resistance,2,7,7,10,Mon Cala
2025-07-09 08:55:20,904,stormtrooper,empire,5,1,8,8,Mirial
2025-07-09 08:55:19,905,stormtrooper,resistance,1,9,2,3,Shili
2025-07-09 08:55:18,906,tie_silencer,resistance,3,6,3,9,Eriadu
2025-07-09 08:55:17,907,tie_fighter,resistance,2,8,3,6,Haruun Kal
2025-07-09 08:55:16,908,unknown,resistance,7,9,3,6,Kashyyyk
2025-07-09 08:55:15,909,tie_fighter,empire,10,4,9,7,Quermia
2025-07-09 08:55:14,910,tie_fighter,empire,3,7,9,7,Eriadu
2025-07-09 08:55:13,911,resistance_soldier,empire,7,1,1,8,Skako
2025-07-09 08:55:12,912,unknown,resistance,8,10,3,7,Chandrila
2025-07-09 08:55:11,913,tie_fighter,empire,1,4,7,2,Tatooine
2025-07-09 08:55:10,914,x-wing,resistance,2,1,10,2,Tund
2025-07-09 08:55:09,915,resistance_soldier,empire,1,1,1,2,Stewjon
2025-07-09 08:55:08,916,tie_fighter,resistance,9,3,6,1,Glee Anselm
2025-07-09 08:55:07,917,resistance_soldier,resistance,2,6,7,5,Haruun Kal
2025-07-09 08:55:06,918,resistance_soldier,resistance,4,10,2,9,Tholoth
2025-07-09 08:55:05,919,resistance_soldier,resistance,1,10,3,4,Glee Anselm
2025-07-09 08:55:04,920,at-at,empire,8,8,1,3,Rodia
2025-07-09 08:55:03,921,x-wing,empire,1,3,7,5,Vulpter
2025-07-09 08:55:02,922,tie_silencer,resistance,7,7,1,6,Kashyyyk
2025-07-09 08:55:01,923,unknown,resistance,4,9,6,10,Malastare
2025-07-09 08:55:00,924,x-wing,empire,10,3,3,4,Concord Dawn
2025-07-09 08:54:59,925,tie_fighter,empire,3,7,5,6,Quermia
2025-07-09 08:54:58,926,stormtrooper,empire,3,8,9,2,Muunilinst
2025-07-09 08:54:57,927,tie_fighter,empire,1,3,6,3,Muunilinst
2025-07-09 08:54:56,928,unknown,empire,10,6,8,8,Cerea
2025-07-09 08:54:55,929,tie_fighter,empire,3,7,1,9,Mirial
2025-07-09 08:54:54,930,at-st,empire,2,1,5,4,Quermia
2025-07-09 08:54:53,931,at-st,resistance,4,4,5,8,Vulpter
2025-07-09 08:54:52,932,x-wing,resistance,2,7,5,9,Sullust
2025-07-09 08:54:51,933,at-at,empire,1,8,6,2,Iktotch
2025-07-09 08:54:50,934,tie_fighter,resistance,5,7,10,1,Concord Dawn
2025-07-09 08:54:49,935,x-wing,empire,1,8,8,9,Ojom
2025-07-09 08:54:48,936,at-st,resistance,10,2,3,4,Mon Cala
2025-07-09 08:54:47,937,at-st,empire,7,6,3,6,Umbara
2025-07-09 08:54:46,938,tie_fighter,empire,2,4,3,5,Rodia
2025-07-09 08:54:45,939,at-at,empire,5,10,5,10,Ojom
2025-07-09 08:54:44,940,at-st,resistance,3,6,3,5,Haruun Kal
2025-07-09 08:54:43,941,at-st,resistance,1,1,8,3,Quermia
2025-07-09 08:54:42,942,tie_fighter,empire,7,8,1,5,Dagobah
2025-07-09 08:54:41,943,at-st,resistance,2,10,10,1,Sullust
2025-07-09 08:54:40,944,stormtrooper,empire,7,10,9,3,Skako
2025-07-09 08:54:39,945,unknown,empire,5,6,6,3,Tatooine
2025-07-09 08:54:38,946,resistance_soldier,resistance,9,3,4,7,Ojom
2025-07-09 08:54:37,947,at-st,empire,5,6,4,5,Shili
2025-07-09 08:54:36,948,stormtrooper,resistance,1,5,3,2,Mirial
2025-07-09 08:54:35,949,tie_fighter,empire,5,6,7,8,Stewjon
2025-07-09 08:54:34,950,stormtrooper,resistance,9,2,6,5,Mirial
2025-07-09 08:54:33,951,tie_silencer,resistance,2,5,10,5,Ryloth
2025-07-09 08:54:32,952,stormtrooper,empire,8,10,7,6,Tund
2025-07-09 08:54:31,953,resistance_soldier,empire,3,8,3,2,Ojom
2025-07-09 08:54:30,954,at-st,empire,1,2,3,7,Eriadu
2025-07-09 08:54:29,955,stormtrooper,empire,4,10,7,9,Serenno
2025-07-09 08:54:28,956,x-wing,empire,3,1,1,3,Sullust
2025-07-09 08:54:27,957,unknown,empire,5,6,10,10,Concord Dawn
2025-07-09 08:54:26,958,at-st,resistance,10,8,6,9,Iktotch
2025-07-09 08:54:25,959,x-wing,resistance,3,9,6,5,Trandosha
2025-07-09 08:54:24,960,resistance_soldier,empire,5,5,6,3,Cerea
2025-07-09 08:54:23,961,unknown,empire,1,10,5,7,Naboo
2025-07-09 08:54:22,962,at-at,empire,9,5,5,3,Haruun Kal
2025-07-09 08:54:21,963,tie_fighter,resistance,6,4,4,2,Concord Dawn
2025-07-09 08:54:20,964,tie_fighter,resistance,1,4,5,1,Chandrila
2025-07-09 08:54:19,965,resistance_soldier,resistance,3,6,7,1,Zolan
2025-07-09 08:54:18,966,resistance_soldier,resistance,5,1,4,7,Ryloth
2025-07-09 08:54:17,967,at-at,empire,10,2,6,4,Haruun Kal
2025-07-09 08:54:16,968,at-at,resistance,6,4,3,9,Alderaan
2025-07-09 08:54:15,969,x-wing,empire,8,1,4,2,Tholoth
2025-07-09 08:54:14,970,x-wing,resistance,2,6,3,10,Trandosha
2025-07-09 08:54:13,971,stormtrooper,resistance,7,3,3,7,Glee Anselm
2025-07-09 08:54:12,972,at-st,empire,9,5,4,7,Zolan
2025-07-09 08:54:11,973,at-at,resistance,7,3,5,1,Mon Cala
2025-07-09 08:54:10,974,x-wing,empire,1,5,2,2,Haruun Kal
2025-07-09 08:54:09,975,resistance_soldier,resistance,7,5,6,4,Shili
2025-07-09 08:54:08,976,at-st,empire,1,5,3,10,Trandosha
2025-07-09 08:54:07,977,at-st,resistance,3,4,6,7,Trandosha
2025-07-09 08:54:06,978,resistance_soldier,empire,6,5,5,9,Trandosha
2025-07-09 08:54:05,979,resistance_soldier,resistance,6,1,7,2,Tholoth
2025-07-09 08:54:04,980,at-st,resistance,8,5,4,1,Rodia
2025-07-09 08:54:03,981,at-at,resistance,8,1,6,7,Sullust
2025-07-09 08:54:02,982,x-wing,empire,9,10,7,2,Tatooine
2025-07-09 08:54:01,983,tie_fighter,resistance,8,7,3,2,Bestine IV
2025-07-09 08:54:00,984,unknown,resistance,2,1,2,5,Dathomir
2025-07-09 08:53:59,985,at-st,empire,8,6,9,6,Tatooine
2025-07-09 08:53:58,986,tie_silencer,resistance,3,6,7,4,Dorin
2025-07-09 08:53:57,987,at-at,resistance,9,10,5,5,Eriadu
2025-07-09 08:53:56,988,at-at,empire,6,1,5,4,Vulpter
2025-07-09 08:53:55,989,at-st,resistance,9,9,10,5,Alderaan
2025-07-09 08:53:54,990,stormtrooper,resistance,6,4,5,5,Dathomir
2025-07-09 08:53:53,991,stormtrooper,empire,2,10,7,9,Kalee
2025-07-09 08:53:52,992,tie_fighter,empire,1,3,7,4,Stewjon
2025-07-09 08:53:51,993,x-wing,empire,10,2,1,7,Kashyyyk
2025-07-09 08:53:50,994,stormtrooper,resistance,9,2,6,9,Kashyyyk
2025-07-09 08:53:49,995,tie_silencer,resistance,4,10,10,4,Troiken
2025-07-09 08:53:48,996,at-st,resistance,1,5,2,4,Kashyyyk
2025-07-09 08:53:47,997,resistance_soldier,empire,6,1,1,9,Toydaria
2025-07-09 08:53:46,998,tie_fighter,empire,9,8,1,10,Iktotch
2025-07-09 08:53:45,999,resistance_soldier,resistance,2,1,9,3,Quermia
2025-07-09 08:53:44,1000,tie_silencer,resistance,2,8,1,10,Vulpter
